Ente;Tipo;Provincia;ASL;Codice ISTAT;Abitanti;Positivi;Positivi 1000 abitanti;Delta positivi;Delta positivi 1000 abitanti;Data
Busca;COM;CN;CN1;004034;10174;7;0.69;0;0.0;2020/03/25
Busca;COM;CN;CN1;004034;10174;8;0.79;1;0.1;2020/03/26
Busca;COM;CN;CN1;004034;10174;10;0.98;2;0.19;2020/03/27
Busca;COM;CN;CN1;004034;10174;10;0.98;0;0.0;2020/03/28
Busca;COM;CN;CN1;004034;10174;10;0.98;0;0.0;2020/03/29
Busca;COM;CN;CN1;004034;10174;10;0.98;0;0.0;2020/03/30
Busca;COM;CN;CN1;004034;10174;10;0.98;0;0.0;2020/03/31
Busca;COM;CN;CN1;004034;10174;10;0.98;0;0.0;2020/04/01
Busca;COM;CN;CN1;004034;10174;11;1.08;1;0.1;2020/04/02
Busca;COM;CN;CN1;004034;10174;12;1.18;1;0.1;2020/04/03
Busca;COM;CN;CN1;004034;10174;14;1.38;2;0.2;2020/04/04
Busca;COM;CN;CN1;004034;10174;14;1.38;0;0.0;2020/04/05
Busca;COM;CN;CN1;004034;10174;14;1.38;0;0.0;2020/04/06
Busca;COM;CN;CN1;004034;10174;14;1.38;0;0.0;2020/04/07
Busca;COM;CN;CN1;004034;10174;14;1.38;0;0.0;2020/04/08
Busca;COM;CN;CN1;004034;10174;15;1.47;1;0.09;2020/04/09
Busca;COM;CN;CN1;004034;10174;12;1.18;-3;-0.29;2020/04/12
Busca;COM;CN;CN1;004034;10174;10;0.98;-2;-0.2;2020/04/13
Busca;COM;CN;CN1;004034;10174;9;0.88;-1;-0.1;2020/04/14
Busca;COM;CN;CN1;004034;10174;10;0.98;1;0.1;2020/04/15
Busca;COM;CN;CN1;004034;10174;11;1.08;1;0.1;2020/04/16
Busca;COM;CN;CN1;004034;10174;14;1.38;3;0.3;2020/04/17
Busca;COM;CN;CN1;004034;10174;13;1.28;-1;-0.1;2020/04/18
Busca;COM;CN;CN1;004034;10174;15;1.47;2;0.19;2020/04/19
Busca;COM;CN;CN1;004034;10174;14;1.38;-1;-0.09;2020/04/20
Busca;COM;CN;CN1;004034;10174;14;1.38;0;0.0;2020/04/21
Busca;COM;CN;CN1;004034;10174;14;1.38;0;0.0;2020/04/22
Busca;COM;CN;CN1;004034;10174;14;1.38;0;0.0;2020/04/23
Busca;COM;CN;CN1;004034;10174;14;1.38;0;0.0;2020/04/24
Busca;COM;CN;CN1;004034;10174;15;1.47;1;0.09;2020/04/25
Busca;COM;CN;CN1;004034;10174;17;1.67;2;0.2;2020/04/26
Busca;COM;CN;CN1;004034;10174;17;1.67;0;0.0;2020/04/27
Busca;COM;CN;CN1;004034;10174;17;1.67;0;0.0;2020/04/28
Busca;COM;CN;CN1;004034;10174;12;1.18;-5;-0.49;2020/05/04
Busca;COM;CN;CN1;004034;10174;12;1.18;0;0.0;2020/05/05
Busca;COM;CN;CN1;004034;10174;13;1.28;1;0.1;2020/05/06
Busca;COM;CN;CN1;004034;10174;13;1.28;0;0.0;2020/05/07
Busca;COM;CN;CN1;004034;10174;13;1.28;0;0.0;2020/05/08
Busca;COM;CN;CN1;004034;10174;12;1.18;-1;-0.1;2020/05/09
Busca;COM;CN;CN1;004034;10174;13;1.28;1;0.1;2020/05/10
Busca;COM;CN;CN1;004034;10174;13;1.28;0;0.0;2020/05/11
Busca;COM;CN;CN1;004034;10174;13;1.28;0;0.0;2020/05/12
Busca;COM;CN;CN1;004034;10174;12;1.18;-1;-0.1;2020/05/13
Busca;COM;CN;CN1;004034;10174;12;1.18;0;0.0;2020/05/14
Busca;COM;CN;CN1;004034;10174;4;0.39;-8;-0.79;2020/05/17
Busca;COM;CN;CN1;004034;10174;4;0.39;0;0.0;2020/05/18
Busca;COM;CN;CN1;004034;10174;4;0.39;0;0.0;2020/05/19
Busca;COM;CN;CN1;004034;10174;3;0.29;-1;-0.1;2020/05/20
Busca;COM;CN;CN1;004034;10174;3;0.29;0;0.0;2020/05/21
Busca;COM;CN;CN1;004034;10174;2;0.2;-1;-0.09;2020/05/22
Busca;COM;CN;CN1;004034;10174;3;0.29;1;0.09;2020/05/23
Busca;COM;CN;CN1;004034;10174;3;0.29;0;0.0;2020/05/24
Busca;COM;CN;CN1;004034;10174;3;0.29;0;0.0;2020/05/25
Busca;COM;CN;CN1;004034;10174;4;0.39;1;0.1;2020/05/26
Busca;COM;CN;CN1;004034;10174;3;0.29;-1;-0.1;2020/05/27
Busca;COM;CN;CN1;004034;10174;4;0.39;1;0.1;2020/05/28
Busca;COM;CN;CN1;004034;10174;4;0.39;0;0.0;2020/05/29
Busca;COM;CN;CN1;004034;10174;4;0.39;0;0.0;2020/05/30
Busca;COM;CN;CN1;004034;10174;5;0.49;1;0.1;2020/05/31
Busca;COM;CN;CN1;004034;10174;5;0.49;0;0.0;2020/06/01
Busca;COM;CN;CN1;004034;10174;4;0.39;-1;-0.1;2020/06/02
Busca;COM;CN;CN1;004034;10174;3;0.29;-1;-0.1;2020/06/03
Busca;COM;CN;CN1;004034;10174;3;0.29;0;0.0;2020/06/04
Busca;COM;CN;CN1;004034;10174;1;0.1;-2;-0.19;2020/06/05
Busca;COM;CN;CN1;004034;10174;0;0.0;-1;-0.1;2020/06/06
Busca;COM;CN;CN1;004034;10174;0;0.0;0;0.0;2020/06/07
Busca;COM;CN;CN1;004034;10174;0;0.0;0;0.0;2020/06/08
Busca;COM;CN;CN1;004034;10174;0;0.0;0;0.0;2020/06/09
Busca;COM;CN;CN1;004034;10174;0;0.0;0;0.0;2020/06/10
Busca;COM;CN;CN1;004034;10174;0;0.0;0;0.0;2020/06/11
Busca;COM;CN;CN1;004034;10174;0;0.0;0;0.0;2020/06/12
Busca;COM;CN;CN1;004034;10174;0;0.0;0;0.0;2020/06/13
Busca;COM;CN;CN1;004034;10174;0;0.0;0;0.0;2020/06/14
Busca;COM;CN;CN1;004034;10174;0;0.0;0;0.0;2020/06/15
Busca;COM;CN;CN1;004034;10174;0;0.0;0;0.0;2020/06/16
Busca;COM;CN;CN1;004034;10174;0;0.0;0;0.0;2020/06/17
Busca;COM;CN;CN1;004034;10174;0;0.0;0;0.0;2020/06/18
Busca;COM;CN;CN1;004034;10174;0;0.0;0;0.0;2020/06/19
Busca;COM;CN;CN1;004034;10174;0;0.0;0;0.0;2020/06/20
Busca;COM;CN;CN1;004034;10174;0;0.0;0;0.0;2020/06/21
Busca;COM;CN;CN1;004034;10174;0;0.0;0;0.0;2020/06/22
Busca;COM;CN;CN1;004034;10174;0;0.0;0;0.0;2020/06/23
Busca;COM;CN;CN1;004034;10174;0;0.0;0;0.0;2020/06/24
Busca;COM;CN;CN1;004034;10174;0;0.0;0;0.0;2020/06/25
Busca;COM;CN;CN1;004034;10174;0;0.0;0;0.0;2020/06/26
Busca;COM;CN;CN1;004034;10174;0;0.0;0;0.0;2020/06/27
Busca;COM;CN;CN1;004034;10174;0;0.0;0;0.0;2020/06/28
Busca;COM;CN;CN1;004034;10174;0;0.0;0;0.0;2020/06/29
Busca;COM;CN;CN1;004034;10174;0;0.0;0;0.0;2020/06/30
Busca;COM;CN;CN1;004034;10174;0;0.0;0;0.0;2020/07/01
Busca;COM;CN;CN1;004034;10174;0;0.0;0;0.0;2020/07/02
Busca;COM;CN;CN1;004034;10174;0;0.0;0;0.0;2020/07/03
Busca;COM;CN;CN1;004034;10174;0;0.0;0;0.0;2020/07/04
Busca;COM;CN;CN1;004034;10174;0;0.0;0;0.0;2020/07/05
Busca;COM;CN;CN1;004034;10174;0;0.0;0;0.0;2020/07/06
Busca;COM;CN;CN1;004034;10174;0;0.0;0;0.0;2020/07/07
Busca;COM;CN;CN1;004034;10174;0;0.0;0;0.0;2020/07/08
Busca;COM;CN;CN1;004034;10174;0;0.0;0;0.0;2020/07/09
Busca;COM;CN;CN1;004034;10174;0;0.0;0;0.0;2020/07/10
Busca;COM;CN;CN1;004034;10174;1;0.1;1;0.1;2020/07/11
Busca;COM;CN;CN1;004034;10174;1;0.1;0;0.0;2020/07/12
Busca;COM;CN;CN1;004034;10174;1;0.1;0;0.0;2020/07/13
Busca;COM;CN;CN1;004034;10174;1;0.1;0;0.0;2020/07/14
Busca;COM;CN;CN1;004034;10174;1;0.1;0;0.0;2020/07/15
Busca;COM;CN;CN1;004034;10174;1;0.1;0;0.0;2020/07/16
Busca;COM;CN;CN1;004034;10174;1;0.1;0;0.0;2020/07/17
Busca;COM;CN;CN1;004034;10174;1;0.1;0;0.0;2020/07/18
Busca;COM;CN;CN1;004034;10174;1;0.1;0;0.0;2020/07/19
Busca;COM;CN;CN1;004034;10174;1;0.1;0;0.0;2020/07/20
Busca;COM;CN;CN1;004034;10174;1;0.1;0;0.0;2020/07/21
Busca;COM;CN;CN1;004034;10174;1;0.1;0;0.0;2020/07/22
Busca;COM;CN;CN1;004034;10174;0;0.0;-1;-0.1;2020/07/23
Busca;COM;CN;CN1;004034;10174;0;0.0;0;0.0;2020/07/24
Busca;COM;CN;CN1;004034;10174;0;0.0;0;0.0;2020/07/25
Busca;COM;CN;CN1;004034;10174;0;0.0;0;0.0;2020/07/28
Busca;COM;CN;CN1;004034;10174;0;0.0;0;0.0;2020/07/29
Busca;COM;CN;CN1;004034;10174;0;0.0;0;0.0;2020/07/30
Busca;COM;CN;CN1;004034;10174;0;0.0;0;0.0;2020/07/31
Busca;COM;CN;CN1;004034;10174;0;0.0;0;0.0;2020/08/01
Busca;COM;CN;CN1;004034;10174;0;0.0;0;0.0;2020/08/02
Busca;COM;CN;CN1;004034;10174;0;0.0;0;0.0;2020/08/03
Busca;COM;CN;CN1;004034;10174;0;0.0;0;0.0;2020/08/05
Busca;COM;CN;CN1;004034;10174;0;0.0;0;0.0;2020/08/06
Busca;COM;CN;CN1;004034;10174;0;0.0;0;0.0;2020/08/07
Busca;COM;CN;CN1;004034;10174;0;0.0;0;0.0;2020/08/08
Busca;COM;CN;CN1;004034;10174;0;0.0;0;0.0;2020/08/09
Busca;COM;CN;CN1;004034;10174;0;0.0;0;0.0;2020/08/10
Busca;COM;CN;CN1;004034;10174;0;0.0;0;0.0;2020/08/11
Busca;COM;CN;CN1;004034;10174;0;0.0;0;0.0;2020/08/12
Busca;COM;CN;CN1;004034;10174;2;0.2;2;0.2;2020/08/14
Busca;COM;CN;CN1;004034;10174;2;0.2;0;0.0;2020/08/15
Busca;COM;CN;CN1;004034;10174;2;0.2;0;0.0;2020/08/16
Busca;COM;CN;CN1;004034;10174;2;0.2;0;0.0;2020/08/17
Busca;COM;CN;CN1;004034;10174;2;0.2;0;0.0;2020/08/18
Busca;COM;CN;CN1;004034;10174;2;0.2;0;0.0;2020/08/19
Busca;COM;CN;CN1;004034;10174;2;0.2;0;0.0;2020/08/20
Busca;COM;CN;CN1;004034;10174;2;0.2;0;0.0;2020/08/21
Busca;COM;CN;CN1;004034;10174;2;0.2;0;0.0;2020/08/22
Busca;COM;CN;CN1;004034;10174;2;0.2;0;0.0;2020/08/23
Busca;COM;CN;CN1;004034;10174;2;0.2;0;0.0;2020/08/24
Busca;COM;CN;CN1;004034;10174;2;0.2;0;0.0;2020/08/25
Busca;COM;CN;CN1;004034;10174;2;0.2;0;0.0;2020/08/26
Busca;COM;CN;CN1;004034;10174;2;0.2;0;0.0;2020/08/27
Busca;COM;CN;CN1;004034;10174;2;0.2;0;0.0;2020/08/28
Busca;COM;CN;CN1;004034;10174;2;0.2;0;0.0;2020/08/31
Busca;COM;CN;CN1;004034;10174;3;0.29;1;0.09;2020/09/01
Busca;COM;CN;CN1;004034;10174;3;0.29;0;0.0;2020/09/02
Busca;COM;CN;CN1;004034;10174;2;0.2;-1;-0.09;2020/09/03
Busca;COM;CN;CN1;004034;10174;2;0.2;0;0.0;2020/09/04
Busca;COM;CN;CN1;004034;10174;2;0.2;0;0.0;2020/09/05
Busca;COM;CN;CN1;004034;10174;2;0.2;0;0.0;2020/09/06
Busca;COM;CN;CN1;004034;10174;2;0.2;0;0.0;2020/09/07
Busca;COM;CN;CN1;004034;10174;2;0.2;0;0.0;2020/09/08
Busca;COM;CN;CN1;004034;10174;2;0.2;0;0.0;2020/09/09
Busca;COM;CN;CN1;004034;10174;2;0.2;0;0.0;2020/09/10
Busca;COM;CN;CN1;004034;10174;2;0.2;0;0.0;2020/09/11
Busca;COM;CN;CN1;004034;10174;2;0.2;0;0.0;2020/09/12
Busca;COM;CN;CN1;004034;10174;2;0.2;0;0.0;2020/09/13
Busca;COM;CN;CN1;004034;10174;2;0.2;0;0.0;2020/09/14
Busca;COM;CN;CN1;004034;10174;2;0.2;0;0.0;2020/09/15
Busca;COM;CN;CN1;004034;10174;2;0.2;0;0.0;2020/09/16
Busca;COM;CN;CN1;004034;10174;2;0.2;0;0.0;2020/09/17
Busca;COM;CN;CN1;004034;10174;1;0.1;-1;-0.1;2020/09/18
Busca;COM;CN;CN1;004034;10174;1;0.1;0;0.0;2020/09/19
Busca;COM;CN;CN1;004034;10174;2;0.2;1;0.1;2020/09/20
Busca;COM;CN;CN1;004034;10174;2;0.2;0;0.0;2020/09/21
Busca;COM;CN;CN1;004034;10174;3;0.29;1;0.09;2020/09/22
Busca;COM;CN;CN1;004034;10174;2;0.2;-1;-0.09;2020/09/23
Busca;COM;CN;CN1;004034;10174;2;0.2;0;0.0;2020/09/24
Busca;COM;CN;CN1;004034;10174;2;0.2;0;0.0;2020/09/25
Busca;COM;CN;CN1;004034;10174;2;0.2;0;0.0;2020/09/26
Busca;COM;CN;CN1;004034;10174;2;0.2;0;0.0;2020/09/27
Busca;COM;CN;CN1;004034;10174;2;0.2;0;0.0;2020/09/28
Busca;COM;CN;CN1;004034;10174;2;0.2;0;0.0;2020/09/29
Busca;COM;CN;CN1;004034;10174;3;0.29;1;0.09;2020/09/30
Busca;COM;CN;CN1;004034;10174;3;0.29;0;0.0;2020/10/01
Busca;COM;CN;CN1;004034;10174;4;0.39;1;0.1;2020/10/02
Busca;COM;CN;CN1;004034;10174;5;0.49;1;0.1;2020/10/03
Busca;COM;CN;CN1;004034;10174;5;0.49;0;0.0;2020/10/04
Busca;COM;CN;CN1;004034;10174;5;0.49;0;0.0;2020/10/05
Busca;COM;CN;CN1;004034;10174;5;0.49;0;0.0;2020/10/06
Busca;COM;CN;CN1;004034;10174;6;0.59;1;0.1;2020/10/07
Busca;COM;CN;CN1;004034;10174;7;0.69;1;0.1;2020/10/08
Busca;COM;CN;CN1;004034;10174;8;0.79;1;0.1;2020/10/09
Busca;COM;CN;CN1;004034;10174;14;1.38;6;0.59;2020/10/10
Busca;COM;CN;CN1;004034;10174;15;1.47;1;0.09;2020/10/11
Busca;COM;CN;CN1;004034;10174;16;1.57;1;0.1;2020/10/12
Busca;COM;CN;CN1;004034;10174;16;1.57;0;0.0;2020/10/13
Busca;COM;CN;CN1;004034;10174;18;1.77;2;0.2;2020/10/14
Busca;COM;CN;CN1;004034;10174;19;1.87;1;0.1;2020/10/15
Busca;COM;CN;CN1;004034;10174;19;1.87;0;0.0;2020/10/16
Busca;COM;CN;CN1;004034;10174;22;2.16;3;0.29;2020/10/17
Busca;COM;CN;CN1;004034;10174;22;2.16;0;0.0;2020/10/18
Busca;COM;CN;CN1;004034;10174;22;2.16;0;0.0;2020/10/19
Busca;COM;CN;CN1;004034;10174;23;2.26;1;0.1;2020/10/20
Busca;COM;CN;CN1;004034;10174;23;2.26;0;0.0;2020/10/21
Busca;COM;CN;CN1;004034;10174;36;3.54;13;1.28;2020/10/22
Busca;COM;CN;CN1;004034;10174;58;5.7;22;2.16;2020/10/23
Busca;COM;CN;CN1;004034;10174;59;5.8;1;0.1;2020/10/24
Busca;COM;CN;CN1;004034;10174;68;6.68;9;0.88;2020/10/25
Busca;COM;CN;CN1;004034;10174;76;7.47;8;0.79;2020/10/26
Busca;COM;CN;CN1;004034;10174;84;8.26;8;0.79;2020/10/27
Busca;COM;CN;CN1;004034;10174;93;9.14;9;0.88;2020/10/28
Busca;COM;CN;CN1;004034;10174;107;10.52;14;1.38;2020/10/29
Busca;COM;CN;CN1;004034;10174;110;10.81;3;0.29;2020/10/30
Busca;COM;CN;CN1;004034;10174;111;10.91;1;0.1;2020/10/31
Busca;COM;CN;CN1;004034;10174;114;11.21;3;0.3;2020/11/01
Busca;COM;CN;CN1;004034;10174;125;12.29;11;1.08;2020/11/02
Busca;COM;CN;CN1;004034;10174;128;12.58;3;0.29;2020/11/03
Busca;COM;CN;CN1;004034;10174;142;13.96;14;1.38;2020/11/04
Busca;COM;CN;CN1;004034;10174;146;14.35;4;0.39;2020/11/05
Busca;COM;CN;CN1;004034;10174;157;15.43;11;1.08;2020/11/06
Busca;COM;CN;CN1;004034;10174;173;17.0;16;1.57;2020/11/07
Busca;COM;CN;CN1;004034;10174;190;18.68;17;1.68;2020/11/08
Busca;COM;CN;CN1;004034;10174;201;19.76;11;1.08;2020/11/09
Busca;COM;CN;CN1;004034;10174;210;20.64;9;0.88;2020/11/10
Busca;COM;CN;CN1;004034;10174;191;18.77;-19;-1.87;2020/11/11
Busca;COM;CN;CN1;004034;10174;201;19.76;10;0.99;2020/11/12
Busca;COM;CN;CN1;004034;10174;207;20.35;6;0.59;2020/11/13
Busca;COM;CN;CN1;004034;10174;203;19.95;-4;-0.4;2020/11/14
Racconigi;COM;CN;CN1;004179;9940;9;0.91;0;0.0;2020/03/25
Racconigi;COM;CN;CN1;004179;9940;11;1.11;2;0.2;2020/03/26
Racconigi;COM;CN;CN1;004179;9940;12;1.21;1;0.1;2020/03/27
Racconigi;COM;CN;CN1;004179;9940;14;1.41;2;0.2;2020/03/28
Racconigi;COM;CN;CN1;004179;9940;14;1.41;0;0.0;2020/03/29
Racconigi;COM;CN;CN1;004179;9940;16;1.61;2;0.2;2020/03/30
Racconigi;COM;CN;CN1;004179;9940;16;1.61;0;0.0;2020/03/31
Racconigi;COM;CN;CN1;004179;9940;17;1.71;1;0.1;2020/04/01
Racconigi;COM;CN;CN1;004179;9940;18;1.81;1;0.1;2020/04/02
Racconigi;COM;CN;CN1;004179;9940;19;1.91;1;0.1;2020/04/03
Racconigi;COM;CN;CN1;004179;9940;22;2.21;3;0.3;2020/04/04
Racconigi;COM;CN;CN1;004179;9940;23;2.31;1;0.1;2020/04/05
Racconigi;COM;CN;CN1;004179;9940;23;2.31;0;0.0;2020/04/06
Racconigi;COM;CN;CN1;004179;9940;23;2.31;0;0.0;2020/04/07
Racconigi;COM;CN;CN1;004179;9940;23;2.31;0;0.0;2020/04/08
Racconigi;COM;CN;CN1;004179;9940;30;3.02;7;0.71;2020/04/09
Racconigi;COM;CN;CN1;004179;9940;26;2.62;-4;-0.4;2020/04/12
Racconigi;COM;CN;CN1;004179;9940;26;2.62;0;0.0;2020/04/13
Racconigi;COM;CN;CN1;004179;9940;27;2.72;1;0.1;2020/04/14
Racconigi;COM;CN;CN1;004179;9940;28;2.82;1;0.1;2020/04/15
Racconigi;COM;CN;CN1;004179;9940;27;2.72;-1;-0.1;2020/04/16
Racconigi;COM;CN;CN1;004179;9940;39;3.92;12;1.2;2020/04/17
Racconigi;COM;CN;CN1;004179;9940;41;4.12;2;0.2;2020/04/18
Racconigi;COM;CN;CN1;004179;9940;41;4.12;0;0.0;2020/04/19
Racconigi;COM;CN;CN1;004179;9940;41;4.12;0;0.0;2020/04/20
Racconigi;COM;CN;CN1;004179;9940;40;4.02;-1;-0.1;2020/04/21
Racconigi;COM;CN;CN1;004179;9940;39;3.92;-1;-0.1;2020/04/22
Racconigi;COM;CN;CN1;004179;9940;39;3.92;0;0.0;2020/04/23
Racconigi;COM;CN;CN1;004179;9940;38;3.82;-1;-0.1;2020/04/24
Racconigi;COM;CN;CN1;004179;9940;38;3.82;0;0.0;2020/04/25
Racconigi;COM;CN;CN1;004179;9940;37;3.72;-1;-0.1;2020/04/26
Racconigi;COM;CN;CN1;004179;9940;37;3.72;0;0.0;2020/04/27
Racconigi;COM;CN;CN1;004179;9940;37;3.72;0;0.0;2020/04/28
Racconigi;COM;CN;CN1;004179;9940;27;2.72;-10;-1.0;2020/05/04
Racconigi;COM;CN;CN1;004179;9940;31;3.12;4;0.4;2020/05/05
Racconigi;COM;CN;CN1;004179;9940;32;3.22;1;0.1;2020/05/06
Racconigi;COM;CN;CN1;004179;9940;32;3.22;0;0.0;2020/05/07
Racconigi;COM;CN;CN1;004179;9940;31;3.12;-1;-0.1;2020/05/08
Racconigi;COM;CN;CN1;004179;9940;30;3.02;-1;-0.1;2020/05/09
Racconigi;COM;CN;CN1;004179;9940;30;3.02;0;0.0;2020/05/10
Racconigi;COM;CN;CN1;004179;9940;30;3.02;0;0.0;2020/05/11
Racconigi;COM;CN;CN1;004179;9940;30;3.02;0;0.0;2020/05/12
Racconigi;COM;CN;CN1;004179;9940;31;3.12;1;0.1;2020/05/13
Racconigi;COM;CN;CN1;004179;9940;24;2.41;-7;-0.71;2020/05/14
Racconigi;COM;CN;CN1;004179;9940;16;1.61;-8;-0.8;2020/05/17
Racconigi;COM;CN;CN1;004179;9940;11;1.11;-5;-0.5;2020/05/18
Racconigi;COM;CN;CN1;004179;9940;12;1.21;1;0.1;2020/05/19
Racconigi;COM;CN;CN1;004179;9940;9;0.91;-3;-0.3;2020/05/20
Racconigi;COM;CN;CN1;004179;9940;11;1.11;2;0.2;2020/05/21
Racconigi;COM;CN;CN1;004179;9940;9;0.91;-2;-0.2;2020/05/22
Racconigi;COM;CN;CN1;004179;9940;9;0.91;0;0.0;2020/05/23
Racconigi;COM;CN;CN1;004179;9940;9;0.91;0;0.0;2020/05/24
Racconigi;COM;CN;CN1;004179;9940;9;0.91;0;0.0;2020/05/25
Racconigi;COM;CN;CN1;004179;9940;9;0.91;0;0.0;2020/05/26
Racconigi;COM;CN;CN1;004179;9940;6;0.6;-3;-0.31;2020/05/27
Racconigi;COM;CN;CN1;004179;9940;4;0.4;-2;-0.2;2020/05/28
Racconigi;COM;CN;CN1;004179;9940;3;0.3;-1;-0.1;2020/05/29
Racconigi;COM;CN;CN1;004179;9940;1;0.1;-2;-0.2;2020/05/30
Racconigi;COM;CN;CN1;004179;9940;1;0.1;0;0.0;2020/05/31
Racconigi;COM;CN;CN1;004179;9940;1;0.1;0;0.0;2020/06/01
Racconigi;COM;CN;CN1;004179;9940;1;0.1;0;0.0;2020/06/02
Racconigi;COM;CN;CN1;004179;9940;1;0.1;0;0.0;2020/06/03
Racconigi;COM;CN;CN1;004179;9940;0;0.0;-1;-0.1;2020/06/04
Racconigi;COM;CN;CN1;004179;9940;0;0.0;0;0.0;2020/06/05
Racconigi;COM;CN;CN1;004179;9940;1;0.1;1;0.1;2020/06/06
Racconigi;COM;CN;CN1;004179;9940;1;0.1;0;0.0;2020/06/07
Racconigi;COM;CN;CN1;004179;9940;1;0.1;0;0.0;2020/06/08
Racconigi;COM;CN;CN1;004179;9940;1;0.1;0;0.0;2020/06/09
Racconigi;COM;CN;CN1;004179;9940;1;0.1;0;0.0;2020/06/10
Racconigi;COM;CN;CN1;004179;9940;0;0.0;-1;-0.1;2020/06/11
Racconigi;COM;CN;CN1;004179;9940;0;0.0;0;0.0;2020/06/12
Racconigi;COM;CN;CN1;004179;9940;0;0.0;0;0.0;2020/06/13
Racconigi;COM;CN;CN1;004179;9940;0;0.0;0;0.0;2020/06/14
Racconigi;COM;CN;CN1;004179;9940;0;0.0;0;0.0;2020/06/15
Racconigi;COM;CN;CN1;004179;9940;0;0.0;0;0.0;2020/06/16
Racconigi;COM;CN;CN1;004179;9940;0;0.0;0;0.0;2020/06/17
Racconigi;COM;CN;CN1;004179;9940;0;0.0;0;0.0;2020/06/18
Racconigi;COM;CN;CN1;004179;9940;0;0.0;0;0.0;2020/06/19
Racconigi;COM;CN;CN1;004179;9940;0;0.0;0;0.0;2020/06/20
Racconigi;COM;CN;CN1;004179;9940;0;0.0;0;0.0;2020/06/21
Racconigi;COM;CN;CN1;004179;9940;0;0.0;0;0.0;2020/06/22
Racconigi;COM;CN;CN1;004179;9940;0;0.0;0;0.0;2020/06/23
Racconigi;COM;CN;CN1;004179;9940;0;0.0;0;0.0;2020/06/24
Racconigi;COM;CN;CN1;004179;9940;0;0.0;0;0.0;2020/06/25
Racconigi;COM;CN;CN1;004179;9940;0;0.0;0;0.0;2020/06/26
Racconigi;COM;CN;CN1;004179;9940;0;0.0;0;0.0;2020/06/27
Racconigi;COM;CN;CN1;004179;9940;0;0.0;0;0.0;2020/06/28
Racconigi;COM;CN;CN1;004179;9940;0;0.0;0;0.0;2020/06/29
Racconigi;COM;CN;CN1;004179;9940;0;0.0;0;0.0;2020/06/30
Racconigi;COM;CN;CN1;004179;9940;0;0.0;0;0.0;2020/07/01
Racconigi;COM;CN;CN1;004179;9940;0;0.0;0;0.0;2020/07/02
Racconigi;COM;CN;CN1;004179;9940;0;0.0;0;0.0;2020/07/03
Racconigi;COM;CN;CN1;004179;9940;1;0.1;1;0.1;2020/07/04
Racconigi;COM;CN;CN1;004179;9940;1;0.1;0;0.0;2020/07/05
Racconigi;COM;CN;CN1;004179;9940;1;0.1;0;0.0;2020/07/06
Racconigi;COM;CN;CN1;004179;9940;1;0.1;0;0.0;2020/07/07
Racconigi;COM;CN;CN1;004179;9940;1;0.1;0;0.0;2020/07/08
Racconigi;COM;CN;CN1;004179;9940;0;0.0;-1;-0.1;2020/07/09
Racconigi;COM;CN;CN1;004179;9940;0;0.0;0;0.0;2020/07/10
Racconigi;COM;CN;CN1;004179;9940;0;0.0;0;0.0;2020/07/11
Racconigi;COM;CN;CN1;004179;9940;0;0.0;0;0.0;2020/07/12
Racconigi;COM;CN;CN1;004179;9940;0;0.0;0;0.0;2020/07/13
Racconigi;COM;CN;CN1;004179;9940;0;0.0;0;0.0;2020/07/14
Racconigi;COM;CN;CN1;004179;9940;0;0.0;0;0.0;2020/07/15
Racconigi;COM;CN;CN1;004179;9940;0;0.0;0;0.0;2020/07/16
Racconigi;COM;CN;CN1;004179;9940;0;0.0;0;0.0;2020/07/17
Racconigi;COM;CN;CN1;004179;9940;0;0.0;0;0.0;2020/07/18
Racconigi;COM;CN;CN1;004179;9940;0;0.0;0;0.0;2020/07/19
Racconigi;COM;CN;CN1;004179;9940;0;0.0;0;0.0;2020/07/20
Racconigi;COM;CN;CN1;004179;9940;0;0.0;0;0.0;2020/07/21
Racconigi;COM;CN;CN1;004179;9940;0;0.0;0;0.0;2020/07/22
Racconigi;COM;CN;CN1;004179;9940;0;0.0;0;0.0;2020/07/23
Racconigi;COM;CN;CN1;004179;9940;0;0.0;0;0.0;2020/07/24
Racconigi;COM;CN;CN1;004179;9940;0;0.0;0;0.0;2020/07/25
Racconigi;COM;CN;CN1;004179;9940;0;0.0;0;0.0;2020/07/28
Racconigi;COM;CN;CN1;004179;9940;0;0.0;0;0.0;2020/07/29
Racconigi;COM;CN;CN1;004179;9940;0;0.0;0;0.0;2020/07/30
Racconigi;COM;CN;CN1;004179;9940;0;0.0;0;0.0;2020/07/31
Racconigi;COM;CN;CN1;004179;9940;0;0.0;0;0.0;2020/08/01
Racconigi;COM;CN;CN1;004179;9940;0;0.0;0;0.0;2020/08/02
Racconigi;COM;CN;CN1;004179;9940;0;0.0;0;0.0;2020/08/03
Racconigi;COM;CN;CN1;004179;9940;0;0.0;0;0.0;2020/08/05
Racconigi;COM;CN;CN1;004179;9940;0;0.0;0;0.0;2020/08/06
Racconigi;COM;CN;CN1;004179;9940;0;0.0;0;0.0;2020/08/07
Racconigi;COM;CN;CN1;004179;9940;0;0.0;0;0.0;2020/08/08
Racconigi;COM;CN;CN1;004179;9940;0;0.0;0;0.0;2020/08/09
Racconigi;COM;CN;CN1;004179;9940;0;0.0;0;0.0;2020/08/10
Racconigi;COM;CN;CN1;004179;9940;0;0.0;0;0.0;2020/08/11
Racconigi;COM;CN;CN1;004179;9940;0;0.0;0;0.0;2020/08/12
Racconigi;COM;CN;CN1;004179;9940;0;0.0;0;0.0;2020/08/14
Racconigi;COM;CN;CN1;004179;9940;0;0.0;0;0.0;2020/08/15
Racconigi;COM;CN;CN1;004179;9940;0;0.0;0;0.0;2020/08/16
Racconigi;COM;CN;CN1;004179;9940;0;0.0;0;0.0;2020/08/17
Racconigi;COM;CN;CN1;004179;9940;0;0.0;0;0.0;2020/08/18
Racconigi;COM;CN;CN1;004179;9940;0;0.0;0;0.0;2020/08/19
Racconigi;COM;CN;CN1;004179;9940;0;0.0;0;0.0;2020/08/20
Racconigi;COM;CN;CN1;004179;9940;0;0.0;0;0.0;2020/08/21
Racconigi;COM;CN;CN1;004179;9940;0;0.0;0;0.0;2020/08/22
Racconigi;COM;CN;CN1;004179;9940;0;0.0;0;0.0;2020/08/23
Racconigi;COM;CN;CN1;004179;9940;0;0.0;0;0.0;2020/08/24
Racconigi;COM;CN;CN1;004179;9940;0;0.0;0;0.0;2020/08/25
Racconigi;COM;CN;CN1;004179;9940;0;0.0;0;0.0;2020/08/26
Racconigi;COM;CN;CN1;004179;9940;0;0.0;0;0.0;2020/08/27
Racconigi;COM;CN;CN1;004179;9940;0;0.0;0;0.0;2020/08/28
Racconigi;COM;CN;CN1;004179;9940;0;0.0;0;0.0;2020/08/31
Racconigi;COM;CN;CN1;004179;9940;0;0.0;0;0.0;2020/09/01
Racconigi;COM;CN;CN1;004179;9940;0;0.0;0;0.0;2020/09/02
Racconigi;COM;CN;CN1;004179;9940;0;0.0;0;0.0;2020/09/03
Racconigi;COM;CN;CN1;004179;9940;0;0.0;0;0.0;2020/09/04
Racconigi;COM;CN;CN1;004179;9940;0;0.0;0;0.0;2020/09/05
Racconigi;COM;CN;CN1;004179;9940;0;0.0;0;0.0;2020/09/06
Racconigi;COM;CN;CN1;004179;9940;0;0.0;0;0.0;2020/09/07
Racconigi;COM;CN;CN1;004179;9940;0;0.0;0;0.0;2020/09/08
Racconigi;COM;CN;CN1;004179;9940;0;0.0;0;0.0;2020/09/09
Racconigi;COM;CN;CN1;004179;9940;0;0.0;0;0.0;2020/09/10
Racconigi;COM;CN;CN1;004179;9940;0;0.0;0;0.0;2020/09/11
Racconigi;COM;CN;CN1;004179;9940;0;0.0;0;0.0;2020/09/12
Racconigi;COM;CN;CN1;004179;9940;0;0.0;0;0.0;2020/09/13
Racconigi;COM;CN;CN1;004179;9940;0;0.0;0;0.0;2020/09/14
Racconigi;COM;CN;CN1;004179;9940;0;0.0;0;0.0;2020/09/15
Racconigi;COM;CN;CN1;004179;9940;0;0.0;0;0.0;2020/09/16
Racconigi;COM;CN;CN1;004179;9940;0;0.0;0;0.0;2020/09/17
Racconigi;COM;CN;CN1;004179;9940;0;0.0;0;0.0;2020/09/18
Racconigi;COM;CN;CN1;004179;9940;0;0.0;0;0.0;2020/09/19
Racconigi;COM;CN;CN1;004179;9940;0;0.0;0;0.0;2020/09/20
Racconigi;COM;CN;CN1;004179;9940;0;0.0;0;0.0;2020/09/21
Racconigi;COM;CN;CN1;004179;9940;0;0.0;0;0.0;2020/09/22
Racconigi;COM;CN;CN1;004179;9940;1;0.1;1;0.1;2020/09/23
Racconigi;COM;CN;CN1;004179;9940;1;0.1;0;0.0;2020/09/24
Racconigi;COM;CN;CN1;004179;9940;1;0.1;0;0.0;2020/09/25
Racconigi;COM;CN;CN1;004179;9940;1;0.1;0;0.0;2020/09/26
Racconigi;COM;CN;CN1;004179;9940;2;0.2;1;0.1;2020/09/27
Racconigi;COM;CN;CN1;004179;9940;2;0.2;0;0.0;2020/09/28
Racconigi;COM;CN;CN1;004179;9940;2;0.2;0;0.0;2020/09/29
Racconigi;COM;CN;CN1;004179;9940;0;0.0;-2;-0.2;2020/09/30
Racconigi;COM;CN;CN1;004179;9940;0;0.0;0;0.0;2020/10/01
Racconigi;COM;CN;CN1;004179;9940;0;0.0;0;0.0;2020/10/02
Racconigi;COM;CN;CN1;004179;9940;0;0.0;0;0.0;2020/10/03
Racconigi;COM;CN;CN1;004179;9940;1;0.1;1;0.1;2020/10/04
Racconigi;COM;CN;CN1;004179;9940;1;0.1;0;0.0;2020/10/05
Racconigi;COM;CN;CN1;004179;9940;4;0.4;3;0.3;2020/10/06
Racconigi;COM;CN;CN1;004179;9940;6;0.6;2;0.2;2020/10/07
Racconigi;COM;CN;CN1;004179;9940;7;0.7;1;0.1;2020/10/08
Racconigi;COM;CN;CN1;004179;9940;7;0.7;0;0.0;2020/10/09
Racconigi;COM;CN;CN1;004179;9940;7;0.7;0;0.0;2020/10/10
Racconigi;COM;CN;CN1;004179;9940;10;1.01;3;0.31;2020/10/11
Racconigi;COM;CN;CN1;004179;9940;10;1.01;0;0.0;2020/10/12
Racconigi;COM;CN;CN1;004179;9940;15;1.51;5;0.5;2020/10/13
Racconigi;COM;CN;CN1;004179;9940;17;1.71;2;0.2;2020/10/14
Racconigi;COM;CN;CN1;004179;9940;19;1.91;2;0.2;2020/10/15
Racconigi;COM;CN;CN1;004179;9940;25;2.52;6;0.61;2020/10/16
Racconigi;COM;CN;CN1;004179;9940;31;3.12;6;0.6;2020/10/17
Racconigi;COM;CN;CN1;004179;9940;34;3.42;3;0.3;2020/10/18
Racconigi;COM;CN;CN1;004179;9940;35;3.52;1;0.1;2020/10/19
Racconigi;COM;CN;CN1;004179;9940;43;4.33;8;0.81;2020/10/20
Racconigi;COM;CN;CN1;004179;9940;50;5.03;7;0.7;2020/10/21
Racconigi;COM;CN;CN1;004179;9940;60;6.04;10;1.01;2020/10/22
Racconigi;COM;CN;CN1;004179;9940;66;6.64;6;0.6;2020/10/23
Racconigi;COM;CN;CN1;004179;9940;73;7.34;7;0.7;2020/10/24
Racconigi;COM;CN;CN1;004179;9940;85;8.55;12;1.21;2020/10/25
Racconigi;COM;CN;CN1;004179;9940;89;8.95;4;0.4;2020/10/26
Racconigi;COM;CN;CN1;004179;9940;100;10.06;11;1.11;2020/10/27
Racconigi;COM;CN;CN1;004179;9940;111;11.17;11;1.11;2020/10/28
Racconigi;COM;CN;CN1;004179;9940;119;11.97;8;0.8;2020/10/29
Racconigi;COM;CN;CN1;004179;9940;126;12.68;7;0.71;2020/10/30
Racconigi;COM;CN;CN1;004179;9940;128;12.88;2;0.2;2020/10/31
Racconigi;COM;CN;CN1;004179;9940;132;13.28;4;0.4;2020/11/01
Racconigi;COM;CN;CN1;004179;9940;137;13.78;5;0.5;2020/11/02
Racconigi;COM;CN;CN1;004179;9940;134;13.48;-3;-0.3;2020/11/03
Racconigi;COM;CN;CN1;004179;9940;137;13.78;3;0.3;2020/11/04
Racconigi;COM;CN;CN1;004179;9940;150;15.09;13;1.31;2020/11/05
Racconigi;COM;CN;CN1;004179;9940;144;14.49;-6;-0.6;2020/11/06
Racconigi;COM;CN;CN1;004179;9940;167;16.8;23;2.31;2020/11/07
Racconigi;COM;CN;CN1;004179;9940;165;16.6;-2;-0.2;2020/11/08
Racconigi;COM;CN;CN1;004179;9940;168;16.9;3;0.3;2020/11/09
Racconigi;COM;CN;CN1;004179;9940;179;18.01;11;1.11;2020/11/10
Racconigi;COM;CN;CN1;004179;9940;170;17.1;-9;-0.91;2020/11/11
Racconigi;COM;CN;CN1;004179;9940;170;17.1;0;0.0;2020/11/12
Racconigi;COM;CN;CN1;004179;9940;165;16.6;-5;-0.5;2020/11/13
Racconigi;COM;CN;CN1;004179;9940;170;17.1;5;0.5;2020/11/14
Piemonte;REG;Piemonte; ;01;4356406;5859;1.34;0;0.0;2020/03/25
Piemonte;REG;Piemonte; ;01;4356406;6361;1.46;502;0.12;2020/03/26
Piemonte;REG;Piemonte; ;01;4356406;6910;1.59;549;0.13;2020/03/27
Piemonte;REG;Piemonte; ;01;4356406;7492;1.72;582;0.13;2020/03/28
Piemonte;REG;Piemonte; ;01;4356406;8012;1.84;520;0.12;2020/03/29
Piemonte;REG;Piemonte; ;01;4356406;8511;1.95;499;0.11;2020/03/30
Piemonte;REG;Piemonte; ;01;4356406;9090;2.09;579;0.14;2020/03/31
Piemonte;REG;Piemonte; ;01;4356406;9583;2.2;493;0.11;2020/04/01
Piemonte;REG;Piemonte; ;01;4356406;10135;2.33;552;0.13;2020/04/02
Piemonte;REG;Piemonte; ;01;4356406;10542;2.42;407;0.09;2020/04/03
Piemonte;REG;Piemonte; ;01;4356406;11330;2.6;788;0.18;2020/04/04
Piemonte;REG;Piemonte; ;01;4356406;11955;2.74;625;0.14;2020/04/05
Piemonte;REG;Piemonte; ;01;4356406;12468;2.86;513;0.12;2020/04/06
Piemonte;REG;Piemonte; ;01;4356406;12872;2.95;404;0.09;2020/04/07
Piemonte;REG;Piemonte; ;01;4356406;13388;3.07;516;0.12;2020/04/08
Piemonte;REG;Piemonte; ;01;4356406;14017;3.22;629;0.15;2020/04/09
Piemonte;REG;Piemonte; ;01;4356406;13953;3.2;-64;-0.02;2020/04/12
Piemonte;REG;Piemonte; ;01;4356406;14367;3.3;414;0.1;2020/04/13
Piemonte;REG;Piemonte; ;01;4356406;14774;3.39;407;0.09;2020/04/14
Piemonte;REG;Piemonte; ;01;4356406;14879;3.42;105;0.03;2020/04/15
Piemonte;REG;Piemonte; ;01;4356406;15595;3.58;716;0.16;2020/04/16
Piemonte;REG;Piemonte; ;01;4356406;15882;3.65;287;0.07;2020/04/17
Piemonte;REG;Piemonte; ;01;4356406;16302;3.74;420;0.09;2020/04/18
Piemonte;REG;Piemonte; ;01;4356406;16716;3.84;414;0.1;2020/04/19
Piemonte;REG;Piemonte; ;01;4356406;16853;3.87;137;0.03;2020/04/20
Piemonte;REG;Piemonte; ;01;4356406;17158;3.94;305;0.07;2020/04/21
Piemonte;REG;Piemonte; ;01;4356406;17608;4.04;450;0.1;2020/04/22
Piemonte;REG;Piemonte; ;01;4356406;17654;4.05;46;0.01;2020/04/23
Piemonte;REG;Piemonte; ;01;4356406;17931;4.12;277;0.07;2020/04/24
Piemonte;REG;Piemonte; ;01;4356406;18192;4.18;261;0.06;2020/04/25
Piemonte;REG;Piemonte; ;01;4356406;18247;4.19;55;0.01;2020/04/26
Piemonte;REG;Piemonte; ;01;4356406;18303;4.2;56;0.01;2020/04/27
Piemonte;REG;Piemonte; ;01;4356406;18528;4.25;225;0.05;2020/04/28
Piemonte;REG;Piemonte; ;01;4356406;18806;4.32;278;0.07;2020/05/04
Piemonte;REG;Piemonte; ;01;4356406;18599;4.27;-207;-0.05;2020/05/05
Piemonte;REG;Piemonte; ;01;4356406;18056;4.14;-543;-0.13;2020/05/06
Piemonte;REG;Piemonte; ;01;4356406;17804;4.09;-252;-0.05;2020/05/07
Piemonte;REG;Piemonte; ;01;4356406;17471;4.01;-333;-0.08;2020/05/08
Piemonte;REG;Piemonte; ;01;4356406;17193;3.95;-278;-0.06;2020/05/09
Piemonte;REG;Piemonte; ;01;4356406;16921;3.88;-272;-0.07;2020/05/10
Piemonte;REG;Piemonte; ;01;4356406;16635;3.82;-286;-0.06;2020/05/11
Piemonte;REG;Piemonte; ;01;4356406;16492;3.79;-143;-0.03;2020/05/12
Piemonte;REG;Piemonte; ;01;4356406;16104;3.7;-388;-0.09;2020/05/13
Piemonte;REG;Piemonte; ;01;4356406;15653;3.59;-451;-0.11;2020/05/14
Piemonte;REG;Piemonte; ;01;4356406;10422;2.39;-5231;-1.2;2020/05/17
Piemonte;REG;Piemonte; ;01;4356406;9997;2.29;-425;-0.1;2020/05/18
Piemonte;REG;Piemonte; ;01;4356406;9371;2.15;-626;-0.14;2020/05/19
Piemonte;REG;Piemonte; ;01;4356406;8952;2.05;-419;-0.1;2020/05/20
Piemonte;REG;Piemonte; ;01;4356406;8574;1.97;-378;-0.08;2020/05/21
Piemonte;REG;Piemonte; ;01;4356406;8129;1.87;-445;-0.1;2020/05/22
Piemonte;REG;Piemonte; ;01;4356406;7804;1.79;-325;-0.08;2020/05/23
Piemonte;REG;Piemonte; ;01;4356406;7579;1.74;-225;-0.05;2020/05/24
Piemonte;REG;Piemonte; ;01;4356406;7230;1.66;-349;-0.08;2020/05/25
Piemonte;REG;Piemonte; ;01;4356406;6621;1.52;-609;-0.14;2020/05/26
Piemonte;REG;Piemonte; ;01;4356406;6268;1.44;-353;-0.08;2020/05/27
Piemonte;REG;Piemonte; ;01;4356406;5780;1.33;-488;-0.11;2020/05/28
Piemonte;REG;Piemonte; ;01;4356406;5448;1.25;-332;-0.08;2020/05/29
Piemonte;REG;Piemonte; ;01;4356406;5189;1.19;-259;-0.06;2020/05/30
Piemonte;REG;Piemonte; ;01;4356406;5099;1.17;-90;-0.02;2020/05/31
Piemonte;REG;Piemonte; ;01;4356406;4971;1.14;-128;-0.03;2020/06/01
Piemonte;REG;Piemonte; ;01;4356406;4692;1.08;-279;-0.06;2020/06/02
Piemonte;REG;Piemonte; ;01;4356406;4573;1.05;-119;-0.03;2020/06/03
Piemonte;REG;Piemonte; ;01;4356406;4423;1.02;-150;-0.03;2020/06/04
Piemonte;REG;Piemonte; ;01;4356406;4219;0.97;-204;-0.05;2020/06/05
Piemonte;REG;Piemonte; ;01;4356406;3858;0.89;-361;-0.08;2020/06/06
Piemonte;REG;Piemonte; ;01;4356406;3815;0.88;-43;-0.01;2020/06/07
Piemonte;REG;Piemonte; ;01;4356406;3721;0.85;-94;-0.03;2020/06/08
Piemonte;REG;Piemonte; ;01;4356406;3409;0.78;-312;-0.07;2020/06/09
Piemonte;REG;Piemonte; ;01;4356406;3157;0.72;-252;-0.06;2020/06/10
Piemonte;REG;Piemonte; ;01;4356406;2945;0.68;-212;-0.04;2020/06/11
Piemonte;REG;Piemonte; ;01;4356406;2686;0.62;-259;-0.06;2020/06/12
Piemonte;REG;Piemonte; ;01;4356406;2593;0.6;-93;-0.02;2020/06/13
Piemonte;REG;Piemonte; ;01;4356406;2513;0.58;-80;-0.02;2020/06/14
Piemonte;REG;Piemonte; ;01;4356406;2381;0.55;-132;-0.03;2020/06/15
Piemonte;REG;Piemonte; ;01;4356406;2276;0.52;-105;-0.03;2020/06/16
Piemonte;REG;Piemonte; ;01;4356406;2191;0.5;-85;-0.02;2020/06/17
Piemonte;REG;Piemonte; ;01;4356406;2070;0.48;-121;-0.02;2020/06/18
Piemonte;REG;Piemonte; ;01;4356406;1941;0.45;-129;-0.03;2020/06/19
Piemonte;REG;Piemonte; ;01;4356406;1836;0.42;-105;-0.03;2020/06/20
Piemonte;REG;Piemonte; ;01;4356406;1786;0.41;-50;-0.01;2020/06/21
Piemonte;REG;Piemonte; ;01;4356406;1694;0.39;-92;-0.02;2020/06/22
Piemonte;REG;Piemonte; ;01;4356406;1550;0.36;-144;-0.03;2020/06/23
Piemonte;REG;Piemonte; ;01;4356406;1441;0.33;-109;-0.03;2020/06/24
Piemonte;REG;Piemonte; ;01;4356406;1352;0.31;-89;-0.02;2020/06/25
Piemonte;REG;Piemonte; ;01;4356406;1300;0.3;-52;-0.01;2020/06/26
Piemonte;REG;Piemonte; ;01;4356406;1225;0.28;-75;-0.02;2020/06/27
Piemonte;REG;Piemonte; ;01;4356406;1212;0.28;-13;0.0;2020/06/28
Piemonte;REG;Piemonte; ;01;4356406;1193;0.27;-19;-0.01;2020/06/29
Piemonte;REG;Piemonte; ;01;4356406;1105;0.25;-88;-0.02;2020/06/30
Piemonte;REG;Piemonte; ;01;4356406;1057;0.24;-48;-0.01;2020/07/01
Piemonte;REG;Piemonte; ;01;4356406;1005;0.23;-52;-0.01;2020/07/02
Piemonte;REG;Piemonte; ;01;4356406;930;0.21;-75;-0.02;2020/07/03
Piemonte;REG;Piemonte; ;01;4356406;906;0.21;-24;0.0;2020/07/04
Piemonte;REG;Piemonte; ;01;4356406;905;0.21;-1;0.0;2020/07/05
Piemonte;REG;Piemonte; ;01;4356406;888;0.2;-17;-0.01;2020/07/06
Piemonte;REG;Piemonte; ;01;4356406;848;0.19;-40;-0.01;2020/07/07
Piemonte;REG;Piemonte; ;01;4356406;824;0.19;-24;0.0;2020/07/08
Piemonte;REG;Piemonte; ;01;4356406;773;0.18;-51;-0.01;2020/07/09
Piemonte;REG;Piemonte; ;01;4356406;748;0.17;-25;-0.01;2020/07/10
Piemonte;REG;Piemonte; ;01;4356406;746;0.17;-2;0.0;2020/07/11
Piemonte;REG;Piemonte; ;01;4356406;737;0.17;-9;0.0;2020/07/12
Piemonte;REG;Piemonte; ;01;4356406;718;0.16;-19;-0.01;2020/07/13
Piemonte;REG;Piemonte; ;01;4356406;718;0.16;0;0.0;2020/07/14
Piemonte;REG;Piemonte; ;01;4356406;688;0.16;-30;0.0;2020/07/15
Piemonte;REG;Piemonte; ;01;4356406;663;0.15;-25;-0.01;2020/07/16
Piemonte;REG;Piemonte; ;01;4356406;656;0.15;-7;0.0;2020/07/17
Piemonte;REG;Piemonte; ;01;4356406;646;0.15;-10;0.0;2020/07/18
Piemonte;REG;Piemonte; ;01;4356406;639;0.15;-7;0.0;2020/07/19
Piemonte;REG;Piemonte; ;01;4356406;627;0.14;-12;-0.01;2020/07/20
Piemonte;REG;Piemonte; ;01;4356406;588;0.13;-39;-0.01;2020/07/21
Piemonte;REG;Piemonte; ;01;4356406;566;0.13;-22;0.0;2020/07/22
Piemonte;REG;Piemonte; ;01;4356406;550;0.13;-16;0.0;2020/07/23
Piemonte;REG;Piemonte; ;01;4356406;545;0.13;-5;0.0;2020/07/24
Piemonte;REG;Piemonte; ;01;4356406;566;0.13;21;0.0;2020/07/25
Piemonte;REG;Piemonte; ;01;4356406;560;0.13;-6;0.0;2020/07/28
Piemonte;REG;Piemonte; ;01;4356406;553;0.13;-7;0.0;2020/07/29
Piemonte;REG;Piemonte; ;01;4356406;541;0.12;-12;-0.01;2020/07/30
Piemonte;REG;Piemonte; ;01;4356406;545;0.13;4;0.01;2020/07/31
Piemonte;REG;Piemonte; ;01;4356406;546;0.13;1;0.0;2020/08/01
Piemonte;REG;Piemonte; ;01;4356406;550;0.13;4;0.0;2020/08/02
Piemonte;REG;Piemonte; ;01;4356406;548;0.13;-2;0.0;2020/08/03
Piemonte;REG;Piemonte; ;01;4356406;555;0.13;7;0.0;2020/08/05
Piemonte;REG;Piemonte; ;01;4356406;536;0.12;-19;-0.01;2020/08/06
Piemonte;REG;Piemonte; ;01;4356406;552;0.13;16;0.01;2020/08/07
Piemonte;REG;Piemonte; ;01;4356406;580;0.13;28;0.0;2020/08/08
Piemonte;REG;Piemonte; ;01;4356406;610;0.14;30;0.01;2020/08/09
Piemonte;REG;Piemonte; ;01;4356406;627;0.14;17;0.0;2020/08/10
Piemonte;REG;Piemonte; ;01;4356406;656;0.15;29;0.01;2020/08/11
Piemonte;REG;Piemonte; ;01;4356406;658;0.15;2;0.0;2020/08/12
Piemonte;REG;Piemonte; ;01;4356406;682;0.16;24;0.01;2020/08/14
Piemonte;REG;Piemonte; ;01;4356406;717;0.16;35;0.0;2020/08/15
Piemonte;REG;Piemonte; ;01;4356406;734;0.17;17;0.01;2020/08/16
Piemonte;REG;Piemonte; ;01;4356406;743;0.17;9;0.0;2020/08/17
Piemonte;REG;Piemonte; ;01;4356406;764;0.18;21;0.01;2020/08/18
Piemonte;REG;Piemonte; ;01;4356406;794;0.18;30;0.0;2020/08/19
Piemonte;REG;Piemonte; ;01;4356406;824;0.19;30;0.01;2020/08/20
Piemonte;REG;Piemonte; ;01;4356406;849;0.19;25;0.0;2020/08/21
Piemonte;REG;Piemonte; ;01;4356406;877;0.2;28;0.01;2020/08/22
Piemonte;REG;Piemonte; ;01;4356406;902;0.21;25;0.01;2020/08/23
Piemonte;REG;Piemonte; ;01;4356406;923;0.21;21;0.0;2020/08/24
Piemonte;REG;Piemonte; ;01;4356406;964;0.22;41;0.01;2020/08/25
Piemonte;REG;Piemonte; ;01;4356406;1008;0.23;44;0.01;2020/08/26
Piemonte;REG;Piemonte; ;01;4356406;1060;0.24;52;0.01;2020/08/27
Piemonte;REG;Piemonte; ;01;4356406;1138;0.26;78;0.02;2020/08/28
Piemonte;REG;Piemonte; ;01;4356406;1253;0.29;115;0.03;2020/08/31
Piemonte;REG;Piemonte; ;01;4356406;1274;0.29;21;0.0;2020/09/01
Piemonte;REG;Piemonte; ;01;4356406;1318;0.3;44;0.01;2020/09/02
Piemonte;REG;Piemonte; ;01;4356406;1371;0.31;53;0.01;2020/09/03
Piemonte;REG;Piemonte; ;01;4356406;1405;0.32;34;0.01;2020/09/04
Piemonte;REG;Piemonte; ;01;4356406;1431;0.33;26;0.01;2020/09/05
Piemonte;REG;Piemonte; ;01;4356406;1474;0.34;43;0.01;2020/09/06
Piemonte;REG;Piemonte; ;01;4356406;1495;0.34;21;0.0;2020/09/07
Piemonte;REG;Piemonte; ;01;4356406;1527;0.35;32;0.01;2020/09/08
Piemonte;REG;Piemonte; ;01;4356406;1540;0.35;13;0.0;2020/09/09
Piemonte;REG;Piemonte; ;01;4356406;1570;0.36;30;0.01;2020/09/10
Piemonte;REG;Piemonte; ;01;4356406;1609;0.37;39;0.01;2020/09/11
Piemonte;REG;Piemonte; ;01;4356406;1648;0.38;39;0.01;2020/09/12
Piemonte;REG;Piemonte; ;01;4356406;1669;0.38;21;0.0;2020/09/13
Piemonte;REG;Piemonte; ;01;4356406;1711;0.39;42;0.01;2020/09/14
Piemonte;REG;Piemonte; ;01;4356406;1705;0.39;-6;0.0;2020/09/15
Piemonte;REG;Piemonte; ;01;4356406;1725;0.4;20;0.01;2020/09/16
Piemonte;REG;Piemonte; ;01;4356406;1730;0.4;5;0.0;2020/09/17
Piemonte;REG;Piemonte; ;01;4356406;1815;0.42;85;0.02;2020/09/18
Piemonte;REG;Piemonte; ;01;4356406;1850;0.42;35;0.0;2020/09/19
Piemonte;REG;Piemonte; ;01;4356406;1878;0.43;28;0.01;2020/09/20
Piemonte;REG;Piemonte; ;01;4356406;1912;0.44;34;0.01;2020/09/21
Piemonte;REG;Piemonte; ;01;4356406;1941;0.45;29;0.01;2020/09/22
Piemonte;REG;Piemonte; ;01;4356406;1968;0.45;27;0.0;2020/09/23
Piemonte;REG;Piemonte; ;01;4356406;2010;0.46;42;0.01;2020/09/24
Piemonte;REG;Piemonte; ;01;4356406;2057;0.47;47;0.01;2020/09/25
Piemonte;REG;Piemonte; ;01;4356406;2118;0.49;61;0.02;2020/09/26
Piemonte;REG;Piemonte; ;01;4356406;2188;0.5;70;0.01;2020/09/27
Piemonte;REG;Piemonte; ;01;4356406;2236;0.51;48;0.01;2020/09/28
Piemonte;REG;Piemonte; ;01;4356406;2280;0.52;44;0.01;2020/09/29
Piemonte;REG;Piemonte; ;01;4356406;2383;0.55;103;0.03;2020/09/30
Piemonte;REG;Piemonte; ;01;4356406;2443;0.56;60;0.01;2020/10/01
Piemonte;REG;Piemonte; ;01;4356406;2596;0.6;153;0.04;2020/10/02
Piemonte;REG;Piemonte; ;01;4356406;2807;0.64;211;0.04;2020/10/03
Piemonte;REG;Piemonte; ;01;4356406;2893;0.66;86;0.02;2020/10/04
Piemonte;REG;Piemonte; ;01;4356406;2994;0.69;101;0.03;2020/10/05
Piemonte;REG;Piemonte; ;01;4356406;3149;0.72;155;0.03;2020/10/06
Piemonte;REG;Piemonte; ;01;4356406;3308;0.76;159;0.04;2020/10/07
Piemonte;REG;Piemonte; ;01;4356406;3556;0.82;248;0.06;2020/10/08
Piemonte;REG;Piemonte; ;01;4356406;3876;0.89;320;0.07;2020/10/09
Piemonte;REG;Piemonte; ;01;4356406;4274;0.98;398;0.09;2020/10/10
Piemonte;REG;Piemonte; ;01;4356406;4582;1.05;308;0.07;2020/10/11
Piemonte;REG;Piemonte; ;01;4356406;4979;1.14;397;0.09;2020/10/12
Piemonte;REG;Piemonte; ;01;4356406;5475;1.26;496;0.12;2020/10/13
Piemonte;REG;Piemonte; ;01;4356406;5895;1.35;420;0.09;2020/10/14
Piemonte;REG;Piemonte; ;01;4356406;6808;1.56;913;0.21;2020/10/15
Piemonte;REG;Piemonte; ;01;4356406;7569;1.74;761;0.18;2020/10/16
Piemonte;REG;Piemonte; ;01;4356406;8418;1.93;849;0.19;2020/10/17
Piemonte;REG;Piemonte; ;01;4356406;9384;2.15;966;0.22;2020/10/18
Piemonte;REG;Piemonte; ;01;4356406;10184;2.34;800;0.19;2020/10/19
Piemonte;REG;Piemonte; ;01;4356406;11437;2.63;1253;0.29;2020/10/20
Piemonte;REG;Piemonte; ;01;4356406;13032;2.99;1595;0.36;2020/10/21
Piemonte;REG;Piemonte; ;01;4356406;14374;3.3;1342;0.31;2020/10/22
Piemonte;REG;Piemonte; ;01;4356406;16056;3.69;1682;0.39;2020/10/23
Piemonte;REG;Piemonte; ;01;4356406;17401;3.99;1345;0.3;2020/10/24
Piemonte;REG;Piemonte; ;01;4356406;19442;4.46;2041;0.47;2020/10/25
Piemonte;REG;Piemonte; ;01;4356406;20770;4.77;1328;0.31;2020/10/26
Piemonte;REG;Piemonte; ;01;4356406;22795;5.23;2025;0.46;2020/10/27
Piemonte;REG;Piemonte; ;01;4356406;25129;5.77;2334;0.54;2020/10/28
Piemonte;REG;Piemonte; ;01;4356406;27353;6.28;2224;0.51;2020/10/29
Piemonte;REG;Piemonte; ;01;4356406;27988;6.42;635;0.14;2020/10/30
Piemonte;REG;Piemonte; ;01;4356406;29943;6.87;1955;0.45;2020/10/31
Piemonte;REG;Piemonte; ;01;4356406;31270;7.18;1327;0.31;2020/11/01
Piemonte;REG;Piemonte; ;01;4356406;33305;7.65;2035;0.47;2020/11/02
Piemonte;REG;Piemonte; ;01;4356406;35564;8.16;2259;0.51;2020/11/03
Piemonte;REG;Piemonte; ;01;4356406;37522;8.61;1958;0.45;2020/11/04
Piemonte;REG;Piemonte; ;01;4356406;39439;9.05;1917;0.44;2020/11/05
Piemonte;REG;Piemonte; ;01;4356406;42936;9.86;3497;0.81;2020/11/06
Piemonte;REG;Piemonte; ;01;4356406;45874;10.53;2938;0.67;2020/11/07
Piemonte;REG;Piemonte; ;01;4356406;47071;10.81;1197;0.28;2020/11/08
Piemonte;REG;Piemonte; ;01;4356406;49122;11.28;2051;0.47;2020/11/09
Piemonte;REG;Piemonte; ;01;4356406;51563;11.84;2441;0.56;2020/11/10
Piemonte;REG;Piemonte; ;01;4356406;52393;12.03;830;0.19;2020/11/11
Piemonte;REG;Piemonte; ;01;4356406;54501;12.51;2108;0.48;2020/11/12
Piemonte;REG;Piemonte; ;01;4356406;56970;13.08;2469;0.57;2020/11/13
Piemonte;REG;Piemonte; ;01;4356406;58593;13.45;1623;0.37;2020/11/14
